campaign_id,name,tags
0,F/A-18C Raven One: Dominant Fury Campaign by Baltic Dragon,"raven one dominant fury campaign for the f/a-18c hornet is a prequel for the highly acclaimed raven one campaign based on the bestselling novel of the same title developed by baltic dragon all the missions were constructed with the active participation of author of the book kevin miller and vincent ""jell-o"" aiello host of the fighter pilot podcast - both retired us navy hornet pilots each with over 3000 career flight hours and numerous overseas deployments the campaign takes place 3 years before the events described in the novel during a deployment to the eastern mediterranean and offers a variety of different missions from training (faithfully recreating real life sorties flown from the deck of the aircraft carriers) through armed patrols and alert launches to power-projection striked 'fifteen immersive missions offering over 24 hours of gameplay' 'over 3400 voiceovers recorded by 89 different voice actors including jell-o kevin miller ward ""mooch"" carroll redkite growling sidewinder tricker spudknocker bel geode casmo tactical pascale and others' 'approximately 150 custom kneeboard pages charts and maps' english english"
1,MAD JF-17 Thunder Campaign by Stone Sky,this campaign guides the player through a gripping storyline about a pmc pilot named vitalii gerasimov you will take part in a series of campaigns called mad mutually assured destruction the usa has strengthened its military forces in the region iran is embroiled in a civil war but it continues to protect its interests in the persian gulf maritime traffic in the strait of hormuz is at a standstill and every day hostile sides enforce security protecting their oil tankers from enemy sabotage intelligence that iran still possesses nuclear weapons has added fuel to the fire the private military company rscs arrives in abu dhabi for an international military forum to receive several lucrative contracts demonstration performances combat operations day and night target designation air combat against the best fighters - all this will help you better understand all the combat capabilities of the jf-17 thunder in this campaign you have to 'join a civil war in an eastern region' 'perform the tasks of gaining air superiority;' 'carry out tasks in a group performing as a flight lead and as a wingman;' 'use high-precision weapons;' 'participate in large-scale battles and support ground forces;' 'use highway strip as an operational airfield;' 'participate in intelligence operations in the persian gulf' english english russian chinese
2,Spitfire Beware! Beware! Campaign by Reflected Simulations,during the winter of 1942-43 the air battle raging in the skies over europe was at its fiercest the focke wulfs and messerschmitts flown by the luftwaffe’s ’experten’ proved to be more than a worthy foe for the raf’s new spitfire mkix-s the air supremacy of the allies was still just a distant dream in the thickest of this battle stood the biggin hill wing with 611 (west lancashire) and 340 (ile de france) squadrons as a result of thorough research in the national archives squadron records and combat reports reflected simulations managed to recreate 14 of these sorties down to the smallest details come join 611 squadron at the height of the air war over europe and experience what it was like to be a fighter pilot in the raf in the most realistic way that it’s ever been possible in a simulator key features '14 historical historical missions based on extensive research' '7 further missions and cut-scenes' 'detailed campaign documentation' 'realistic briefings and briefing images including separate pdf mission files' 'unique kneeboard cards and checklists for each mission' 'maps official forms and pilots notes' 'nearly a thousand specially recorded voice-over messages and radio broadcasts' 'historically accurate custom skins' 'a wide array of missions including rodeos circus practice flights and scrambles' english english
3,F-14B Operation Sandworm Campaign by Sandman Simulations,it is the year 1998 tension is building up in the persian gulf region violations of human rights demonstrations terminated by the military and executions of political prisoners in iran have led to financial sanctions set by united states and european union iran has responded with airspace violations and disruptions of commercial shipping diplomats are doing their best but the gulf states and the world are afraid of war carrier uss theodore roosevelt with air wing nine onboard has been sent to the region to prevent the situation slipping into open war welcome to operation sandworm! key features '12 immersive story-driven single-player missions' 'custom atc and pilot communication' 'custom briefing materials maps and kneeboard pages' english english
4,A-10C Operation Agile Spear Campaign by Combat King Simulations,"in a surprise move russia has again invaded georgia and the united nations is unable or unwilling to provide even the most basic military response to this attack initially only the united states commits a small but highly effective force of a-10c warthogs to help defend its black sea ally you are major ""took"" key a flight lead and instructor pilot assigned to the 74th fighter squadron moody air force base ga who will lead the military response against the invading russians operation agile spear is a 16-mission single player story-driven campaign that will test you and your aircraft to the limit do you have what it takes to repel the invading russian army? download operation agile spear and find out ""the campaign is great and extremely immersive!"" ian s "" it's a great campaign it's fun and entertaining i enjoyed it!"" yurgan s english english"
5,AV-8B Hormuz Freedom Campaign by SorelRo,"operation hormuz freedom is a fictional story-based campaign that will test your skill in using the av-8b harrier in a variety of missions while you operate with the vma-513 ""the flying nightmares"" on board lha-1 tarawa as part of a carrier group you are tasked to enforce the freedom of the high seas act and allow naval traffic through the strait of hormuz and protect the states in the persian gulf from any aggression from the islamic republic of iran the states in the persian gulf are not allowing any military operations out of the us bases in the persian gulf however awacs and re-fueling flights are still allowed to operate us navy and us marines will have to carry the load without any support from the us airforce campaign features '15 story-driven missions' 'over 4000 voiceovers' 'carrier ops and land ops' 'large variety of missions cas rescap anti-ship cap' 'detailed briefings kneeboard files and supporting documentation for each mission' english english"
6,MAD Campaign by Stone Sky,mad - mutually assured destruction the principle of deterrence founded on the notion that a nuclear attack by one superpower would be met with and overwhelming nuclear retaliation such as that both the attacker and the defender would be annihilated as a result both sides are guaranteed to be annihilated this would create such losses in both population and industrial capacity that society would cease to exist mad uh-1 or sa-342 this campaign will convey a gripping story about a pmc pilot named anton orlovskii you will take part in the series of campaigns called mad mutually assured destruction the usa has strengthened it’s military forces in the region iran is embroiled in a civil war but it continues to protect its interests in the persian gulf maritime traffic in the strait of hormuz is at a standstill and every day hostile sides enforce security protecting their oil tankers from enemy sabotage intelligence that iran still possesses nuclear weapons has added fuel to the fire a russian pmc called rscs has arrived in bandar abbas orlovskii is an experienced pilot he has experience of combat missions in syria and libya but he has never been so close to a real war in this campaign you have to main features 'join a civil war in an eastern region' 'perform combat missions in a radioactive zone after a nuclear blast;' 'carry out tasks in a group performing as a flight lead and as a wingman;' 'perform target designation in combat situations;' 'participate in large-scale battles and support ground forces;' 'engage in helicopter air to air combat' 'participate in intelligence operations in the persian gulf' 'the ability to complete the mission on two types of helicopters;' '10 narrative missions with english russian and chinese localization;' 'over 3000 voiced plot radio dialogs;' 'over 1000 triggers' 'new liveries for uh-1 jf-17 su-33 and su-27' english russian english russian chinese
7,F/A-18C Operation Cerberus North Campaign by Ground Pounder Sims,"civil war is raging in syria a number of factions fight for survival across the country while around them their neighbours watch the unfolding chaos nervously emboldened by the support of the russian federation the syrian armed forces strive to crush the breakaway democratic forces in the north whilst in the northeast a violent insurgency is adding fuel to a raging fire committed to protecting the syrian rebels nato forces under the 'joint syrian task force' launch operation cerberus north to establish a series of no fly zones across syria as the chain of events in this deadly conflict develops the regional powers are put on a collision course towards all out war following on from the events of the a-10c campaign 'operation persian freedom' operation cerberus north will pit raf exchange pilot david 'steep' hill and his new vmfa-232 squadron mates into a deep and immersive story driven campaign set in syria and the surrounding area based on months of research operation cerberus north offers an incredibly detailed and immersive scenario for hornet pilots to pit themselves against this highly immersive campaign is set across 16 missions - spread over 21 parts and will push your abilities to effectively operate the hornet in a range of mission types campaign features 'thrilling and immersive story that unfolds in intricate detail over the course of the campaign' ""extensive detailed documentation and briefings including a 98 page scenario 'intelligence briefing' 26 pages of spins and hundreds of pages of detailed briefing documents"" 'highly developed level of immersion and interaction most missions can be completed in numerous ways and will react and respond believably to your actions and performance' ""several custom built systems including a custom built 'jamming' system and a custom built 'jtac' system that will enhance your experience"" 'staging out of incirlik air base the campaign features a detailed custom built air traffic control system' 'fully voice acted by a range of actors with over 3000 lines of dialogue recorded' 'many optional conversations to take part in that will enhance the storyline if you wish or can be ignored if you prefer a quieter cockpit' ""a carefully constructed learning curve to develop the pilot's ability to operate in a complex high threat environment and ultimately enable the player to plan and execute complex missions"" english english"
8,UH-1H Paradise Lost Campaign by Reflected Simulations,1968 after a chinese-backed communist coup the philippines started a hostile expansion and its guerilla troops the so-called “fc” are now controlling the southern half of guam wo jack wilson is being sent into this strange conflict to serve his one year tour as a member of the 4th aviation battalion at andersen afb fly resupplies combat assaults dustoffs extractions artillery spotting psy war sniffers escorts and many other challenging missions put your skills to the test and learn what it was like to fly slicks and gunships 3 feet over the jungle in the late 1960s key features '12 historically accurate period correct missions based on extensive research' 'an elaborate fictional background story and cut-scenes' 'detailed campaign documentation' 'realistic briefings and briefing images including separate pdf mission files' 'unique kneeboard cards and checklists for each mission' 'nearly a thousand specially recorded voice-over messages' 'radio broadcasts and music' 'historically accurate custom skins' 'a wide array of missions for slick and gunship roles' english english
9,A-10C Iron Flag Part I Campaign by Baltic Dragon,iron flag is a training campaign for the a-10c ii tank killer module the goal of iron flag is to expand on the training missions that come with it and teach you new things not found there also go more in-depth on some of the things that are included with the module and explain some of the tactics and rationale behind employing the a-10 c its systems and weapons so that you and your hog emerge more lethal! baltic dragon and nicholas barnwell authors of the campaign tried to make iron flag as realistic as possible given the limitations within dcs and their knowledge they have leaned on real civilian and usaf pilots including a few a-10 drivers other subject matter experts and many within the dcs community to help them bring you the definitive a-10 training experience iron flag part 1 is split into 10 training missions that focus heavily on many of the systems used for flight navigation and emergencies including cdu functionality and usage tacan navigation ils landing emergency flight control (mrfcs) usage tad/sadl functionality and everyone's favorite aerial refueling part 1 of the campaign also introduces you to effective employment of the a-10c and its weapons with missions focusing on dsms and cmsp systems tgp usage/functionality air-to-air application of the gun and aim-9m and of course using the gau-8/a in its intended air-to-ground role! the combat employment will be covered in more depth in the second part of the campaign the campaign features '10 fully voiced-over missions' 'almost 3800 voiceovers totaling nearly 9 hours of audio' 'custom made maps briefings and kneeboards that will help you immerse into the missions and follow the training' english english
10,MiG-21bis Battle of Krasnodar Campaign by SorelRo,battle of krasnodar is a story-based campaign that will test your air-to-air and air-to-ground skills in a variety of missions while you confront us forces in the emerging conflict '25 story-driven missions' 'over 400 voiceovers' 'late 1970’s units set' 'full scale conflict that will progress throughout the campaign' 'large variety of missions cap cas intercept escort anti-ship' 'detailed briefings kneeboard files and supporting documentation for each mission' english russian english
11,MiG-21bis Constant Peg Campaign by Bunyap Campaigns,the constant peg campaign is based on operations carried out by the usaf's 4477th test and evaluation squadron the 'red eagles' these 10 missions are set in 1988 and replicate the unit's typical operations from tonopah test range airfield nevada you will take flight in a mig-21 to expose pilots from operational units to soviet aircraft and to replicate adversary tactics during realistic combat training scenarios face off against the f-14 tomcat and f-15 eagle in one versus one and two versus two air combat lead your flight against a larger force during realistic fighter weapons school 'mission employment' training and a 'red flag' exercise mission this campaign was designed in partnership with steve davies author of red eagles america's secret migs host of the 10 percent true tales from the cockpit podcast and the authority on constant peg operations he brought with him access to the real red eagles pilots whose technical guidance was used to ensure this is the most realistic experience possible key features '10 missions based on first-hand accounts of constant peg operations' 'a campaign introduction by steve davies and 10 sets of pdf briefings adapted from usaf standards' 'custom kneeboard pages for each mission including a reproduction of an actual red eagles mig-21 checklist' 'hundreds of authentic voice overs that recreate the actual callsigns and procedures' english english
12,F/A-18C Rise of the Persian Lion Campaign by Badger 633,"as another sunrise breaks over the shimmering iranian desert horizon things in the gulf are about to change in a big way it appears that the irgc is no longer subservient to the clerics as before fuelled by the recent severe international sanctions its new aggressive leader by the name of 'asad' has sworn to take full control of the straits of hormuz in response an international force has been deployed to the area with the uss abraham lincoln at its heart as lieutenant scott waters call sign 'ford' deployment on uss john c stennis in the black sea draws to a close both he and his wingman are soon to become part of this new force in the gulf things are balanced on a pin head tensions in the gulf are about to be raised to breaking point and beyond this campaign follows on from ford's exploits at the black sea on board the uss john c stennis in the 'serpent's head 2 campaign' the campaign ethos as before is not to capture reality but create an imaginative immersive and engaging set of missions linked together with a developing plot narrative key features '15 detailed missions linked by an ongoing story line' ""'ford' is now joined by his wingman lieutenant larry jackson call sign 'wave'"" 'as before a vr friendly design with careful control of resources and including recall of airborne coordinates' 'over a thousand voice overs performed by voice actors' 'detailed briefs for each of the missions including pdf versions' 'kneeboards for each mission' 'personalised aircraft skins' ""alternate optional campaign version with 'easy air to air refuel' for those who have not yet mastered the art of catching the basket"" 'mission bypass system this allows the pilot in the first 5 minutes of a mission to select via the f10 menu to move up to the next level even if they fail the mission' english english"
13,F-14A Fear the Bones Campaign by Reflected Simulations,april 1989 the uss valley forge cruiser had an accident on the black sea just off the coast of the soviet union and the uss theodore roosevelt is being sent there to support the rescue operation with vf-84 on board jaws jester ghost pyro caveman grip elvis and glory all hot shot f-14a tomcat fighter jocks of the 'jolly rogers' are itching to see some action but they might get more than they bargained for join them in fighting migs intercepting bears defending the fleet escorting alpha strikes and much more in this relaxed story-driven campaign that is an entertaining mix of realism and 1980s style fiction kick the tires light the fires and make them 'fear the bones!' key features '13 story-driven fictional missions flying the f-14a tomcat with vf-84 aka the jolly rogers' 'over 50 pages of extensive documentation and background story' 'detailed briefings and briefing images including separate pdf documents for each mission' 'unique kneeboard graphics maps and checklists' 'over a thousand specially recorded voice-over messages sound effects and radio broadcasts' 'accurate custom skins for each character' 'a wide array of missions including cap intercepts strikes escorts and much more' 'a randomized practice scenario single player mission' 'gui wallpaper' english english
14,P-47D Wolfpack Campaign by Reflected Simulations,'zemke's wolfpack' the 56th fighter group was one of the most famous fighting units of the usaaf in world war ii flying the p-47 thunderbolt throughout their time stationed in england the group had more ace pilots and destroyed more enemy aircraft in air combat than any other a large archive of detailed combat reports written by the pilots is available online and reflected simulations endeavoured to recreate these events in dcs world exactly the way they happened strap in to your ’jug’ and relive some of the most epic air battles of the eto in the spring of 1944 key features '12 historical missions based on original combat reports and extensive research' 'detailed campaign documentation' 'realistic briefings and briefing images including separate pdf mission files' 'unique kneeboard cards and checklists for each mission' 'hundreds of specially recorded voice-over messages and radio broadcasts' 'historically accurate custom skins' 'a wide array of missions including ramrods rodeos strafings and dive-bombings' english english
15,Ka-50 2 Pandemic Campaign by Armen Murazyan,in august 2020 terrorist gangs taking advantage of the turbulent internal political situation in the islamic republic of iran invaded its territory and occupied part of the country the iranian government has requested military assistance from the russian federation you will take part in an anti-terrorist operation as part of a limited contingent of the armed forces of the russian federation as a pilot of a ka-50 attack helicopter key features '12 story missions' 'detailed briefings with pictures' 'hundreds of specially recorded voice-over messages and radio broadcasts' 'performing tasks day and night in different weather conditions' 'a wide range of tasks including patrolling escorting convoys with weapons and transport helicopters supporting ground forces and tasks to destroy enemy groups' english russian english russian
16,A-10C Operation Persian Freedom Campaign by Ground Pounder Sims,join operation persian freedom for the a-10c warthog and the a-10c ii tank killer and take on the role of raf exchange pilot flight lieutenant david ‘steep’ hill as he joins the us 74th fighter squadron on the eve of the invasion of iran this story driven campaign is set in the persian gulf during the arab spring of 2011 and explores a scenario where civil unrest in iran has resulted in the violent repression of it’s citizens this chain of events has led to the formation of a us led coalition with a mandate to invade iran and remove the iranian government from power during this 16 mission campaign you will experience an immersive battlefield as you fight alongside coalition air and ground forces the invasion of iran will unfold in compelling detail through a recurring cast of characters and intense combat campaign features includes campaign versions for both the a-10c and a-10c ii with specific loadouts and kneeboards for each version '16 immersive story driven missions' 'variety of mission types including search and destroy killbox patrols alert tasking for cas preplanned strikes and scud hunts' 'customised wingman commands for more reliable ai behaviour' 'custom jtac system for more immersive control of attacks' 'fully voice acted with 3500 audio files recorded' 'optional dialogue choices that drive story and character development' 'detailed briefing documents and kneeboards' english english
17,AV-8B Sky Warrior Campaign by Eagle86,"not admitting defeat in the elections for the post of president of georgia a retired general nicknamed ""scorpion"" gathered his army of mercenaries and the military who defected to his side seized part of the country's territory after a series of major defeats the morale of the government troops is broken illegal gangs are rampaging in the occupied territories after receiving a request for help in restoring constitutional order in the country from the elected president of georgia the nato alliance sent the us navy frigate ""oliver perry"" and the universal landing ship ""tarawa"" to help in this campaign you will be assigned the role of a pilot of the us marine corps in which flying the famous av-8b harrier ii fighter-attack aircraft you will participate in the liberation of the territory of georgia from invaders key features '11 exciting missions in which you need to apply your skills to control the av-8b harrier ii fighter-attack aircraft in different situations with the use of a wide range of weapons' 'briefings kneeboards maps photos of objects from uavs and from the ground' 'musical accompaniment in each mission' 'interact with the wingman uav and other characters by the f10 radio menu' 'view completed and current tasks in the mission by the f10 radio menu' english russian english russian"
18,F/A-18C Rising Squall Campaign by INVERTED,rising squall is a campaign driven by an intricate storyline and intense conflict while striving for a smooth learning curve for beginners with missions that progressively become more difficult the campaign pays heavy attention to the gameplay atmosphere and experience with professional voice-actors and background music respectively complementing them the story takes place in ne 053 in the inverted world the discovery of chunium-500 seemed to be a solution to the energy crisis however it has also become an uncertainty that once again has intensified the competition between nations at the same time an alarming increase in insurgent activities in star union has brought increased risks to foreign energy companies as a result security companies have joined the action giving protection to the assets and employees of these energy giants energy companies security companies and nations all profit from the discovery of chunium as a newly joined security pilot you will contribute to fighting terrorists and protecting the energy companies however although initially you think your missions are plain and simple the truth of the ongoing conflicts slowly unfolds key features if you have dcs supercarrier please start with the sc version 'no spacebar pressing or f10 menu for dialogue' 'artistic briefing pictures with comic-style drawings' 'complementary visual novels before each mission english subtitled' 'mission checkpoints and checkpoint autoloading after a crash' 'objective display bar no more getting lost' 'pre-recorded intro and controls for a cinematic experience' 'dozens of unique liveries' 'professional voice-actors' 'original soundtrack by keiki kobayashi' english chinese english chinese
19,F-14A Zone 5 Campaign by Reflected Simulations,dave 'bio' baranek entered the us navy in 1979 and enjoyed a successful and satisfying 20-year career with 2500 f-14 tomcat flight hours and 688 carrier landings he completed the legendary fighter tactics and weapons training program and later he returned as an instructor his logbook also records 450 flight hours in the f-5f tiger ii from his instructor tour he teamed up with reflected simulations to give dcs players a taste of air combat maneuvering training in the 1980s they created a digital syllabus that enables you to experience what it was like to be up there and train with the best light the cans shove it into zone 5 and let bio himself walk you through the action recorders on fight's on! key features '13 campaign missions' 'a wide array of realistic challenges of increasing difficulty based on real life training' 'over a thousand specially recorded voice-overs featuring the voice of jester ai' 'custom squadron paint schemes' 'briefings and debriefings written and read by bio himself' 'unique period correct kneeboard graphics for each mission' 'detailed briefings and briefing cards including separate pdfs for each mission' 'checklists and in-flight guides available in game as well as in pdf format' '3 instant action practice scenarios' english english
20,F-16C Red Flag 21-1 Campaign by Bunyap Campaigns,the red flag 21-1 campaign is the result of painstaking research on the conduct of modern large force exercises (lfe) scenarios procedures target sites and threats are based on those used in the real red flag take flight from nellis afb nevada in an f-16c viper to test your mettle against modern chinese hardware in a realistic combat training setting face off against the chinese j-11a flanker in a special one versus one basic fighter maneuvers (bfm) scenario these 10 missions will put you up against to some of the best military hardware in the world operated in the most realistic environment possible in a flight simulation key features '10 missions based on the actual red flag exercise with optional air start for faster mission completion/' 'detailed pdf mission briefings adapted from usaf standards' '20-page campaign guide and 50-page standard operating procedures document to walk you through the experience step by step' 'hundreds of authentic voice overs provide key information while in flight' english english
21,F-5E Black Sea Resolve '79 Campaign by SorelRo,"black sea resolve is a fictional story-based campaign that will test your air-to-air and air-to-ground skills in a variety of missions while you confront the soviet union forces in the emerging conflict it is the 1st of march 1979 your f-5e squadron is being deployed to krasnodar to support the un resolution for the independence of the former soviet union provinces in a rather moderate response us president jimmy carter and the other nato countries are deploying a force consisting of elements from 9th infantry division 6th cavalry air brigade and a mau from 1st marine division usaf is preparing 3 squadrons of f5-e and 2 squadrons of f4-e to provide air support campaign features '25 story-driven missions' 'over 300 voiceovers' ""late 1970's units set"" 'full-scale conflict that will progress throughout the campaign' 'a large variety of missions cap cas res-cap iron hand' 'detailed briefings kneeboard files and supporting documentation for each mission' english english"
22,"F/A-18C Operation Pontus Campaign by 373vFS Greg, 373vFS_Petritis, Baltic Dragon","""operation pontus"" is a story driven dynamic dlc campaign that puts you in the seat of the legendary f/a-18c hornet as the commanding officer (co) of the vfa-131 (aka ""wildcats”) you will have to plan design and execute various demanding missions for your squadron day and night with different weather conditions against an intelligent and adaptive enemy your ship uss george washington (cvn-73) has just anchored a few miles out of the georgian – turkish border and is ready to take action to put an end to a civil war that threatens to set the whole region on fire your decisions and performance will determine the progress of the campaign number of missions enemy activity allied morale and the final outcome of the war ""operation pontus” main campaign features ""every decision counts start' em up!” 'up to 30 missions total number is based on your success rate' 'dynamic briefings and sitreps' 'decision making and planning' 'over 1000 voiceovers creating a dynamic environment' english english"
23,Fw 190 A-8 Horrido! Campaign by Reflected Simulations,august 1944 you arrive to merville-calonne to take over the leadership of 7/jg26 flying focke wulf 190a-8s most of the pilots are mere teenagers with only a few flying hours and your job is to turn them into an efficient fighting unit under the ever-increasing pressures of the war the western-allies have gained complete air superiority over the continent and their ground forces are advancing rapidly through france experience the thrill of attacking large bomber formations head-on or the terror of taking off amid the bullets of low flying mustangs escort bombers to their target across the hazy channel or strafe enemy vehicles advancing relentlessly towards germany join the last of the jagdfliegers as they fight desperately day after day in the final months of the third reich key features '12 semi-historical missions focusing on jg26 in august 1944' 'detailed briefings and briefing images including separate pdf mission files' 'unique kneeboard cards and checklists for each mission' 'hundreds of specially recorded voice-over messages and radio broadcasts' 'german voices with english subtitles' 'historically accurate custom skins' 'a wide array of missions including patrol intercept bomber escort ground attack and more' english english
24,Mi-8MTV2 Crew Part 1 Campaign by Stone Sky,"and again you take over the seat of the commander of a mi-8mtv2 you are dmitry tarasov - a young pilot who climbs the career ladder and is faced with professional difficulties that your crew helps to overcome the adventure story of the crew campaign consists of two parts in the first part you have to perform the following tasks to pass the crew campaign you will need to know about how avionics radio and navigation equipment work the ability to conduct sustainable helicopter control in all stages of flight is required skills in handling engine and instrument failures will also be useful to you main features 'transport of vip-passengers on the mi-8mtv2 in the configuration ""salon""' 'work at gazprom-yuzhneft sites in the krasnodar territory' 'perform tasks in vfr and ifr' 'work on gazprom-arctic sites on the territory of the bolshevik island the severnaya zemlya archipelago implemented on the caucasus map' 'in combat missions you have to complete combat training flights with firing at ground targets' 'day and night flights' '14 story missions' '163 pages of detailed briefings and kneeboard' '1320 triggers' '1680 voiceovers' english russian english russian"
25,F/A-18C Raven One Сampaign by Baltic Dragon,"the raven one campaign for the f/a-18c hornet is based on the bestselling novel of the same title this campaign was developed with the active participation of author kevin miller and vincent ""jell-o"" aiello host of the fighter pilot podcast both are retired us navy hornet pilots each with over 3000 career flight hours and numerous overseas deployments the campaign faithfully recreates sorties from the book while adding additional ones related to the action for a total of 15 immersive fully voiced-over missions each script was carefully checked by kevin and vincent to ensure the most realistic experience available in dcs finally the campaign utilizes innovative solutions making in-game ai more responsive and predictive it will also have a limited save-game capability during the campaign gameplay as some missions may take two or more hours to complete features '15 story – driven missions' 'over 2200 recorded lines performed by over 50 voice actors' 'all main characters from the ""raven one"" novel' 'mission briefings supplementing and extending the ones described in the book written in close cooperation with kevin miller' 'highly detailed and realistic maps kneeboards and other documents based on real-life counterparts' 'all major types of missions cap cas sead ground and surface strikes alert – 7 and alert – 30 launches sea surface search control air interceptions and others' english english"
26,F/A-18C Hornet - The Serpent's Head 2 Campaign by Badger 633,"the ""serpents head 2"" is a 10 mission campaign for the f/a-18c hornet it comprises the next chapter of the previous 6 mission ""serpents head"" campaign already released and still available in the dcs user files as before it is a story-based campaign following the exploits of ""ford"" he is currently still stationed on the uss john c stennis the heart of the task force in the last campaign they had been sent to the black sea to address a regional conflict in this new campaign his flying skills and effective operation of the hornets weapons will be tested even further the campaign ethos as before is not to capture reality but create an imaginative enjoyable and engaging set of missions linked together with a plot narrative it has been designed with vr in mind including f10 menu items allowing coordinates given over the radio to be recalled back on screen it has taken many hours to complete over many months and includes over 400 actor voice files for these many thanks to ""reflected""""@alexander_dex"" and "" cdr ""curveball"" krotchety"" included are pdf briefs for each mission which should be read prior ""even as ""fords"" thoughts are homeward bound things are about to change in a way even he could not have anticipated"" english english"
27,F-86F Hunters over the Yalu Campaign by Reflected Simulations,"it's early 1953 after completing several tours in wwii you're yet again putting your neck on the line by flying dangerous combat missions over north korea command the 67th fighter bomber squadron attack enemy bridges factories strafe supply columns and support the us troops as they fight their fierce battles on the ground survive the heavy flak and fighter attacks then transfer to the legendary 39th fighter interceptor squadron to carry out large fighter sweeps in mig alley over the yalu river and tangle with massive bandit trains in the stratosphere watch out for the honchos they say casey jones is back in business! key features '12 realistic missions to be flown as the squadron leader of the 67th fbs and the 39th fis' 'sequel of the ""blue nosed bastards of bodney"" campaign although not mandatory' 'a detailed background story mission contexts and checklists' 'detailed briefings and briefing images including separate pdf mission descriptions' 'unique kneeboard graphics for each mission' 'over 300 custom recorded voice-over messages and radio broadcasts' 'historically accurate custom skins' 'a wide array of missions including cas bombing fighter sweep escort and scramble' english english"
28,UH-1H Worlds Apart - Spring 2025 Campaign by Low-Level-Heaven Mission Development,"a story-driven campaign consisting of you in the role of a german bell uh-1h helicopter pilot serving in the ""wolf pack"" squadron a unit of the german light aircraft group (heeresflieger) you are part of a four-person crew consisting of your commanding officer peter berger the two gunners hans and tom and you as the right seat pilot fly combined missions with your squadron leader wolf one and other helicopter and aircraft units missions are with other air and ground forces as well as naval units from different countries you will conduct transport missions as well as armed patrol and day and night combat missions in all weather conditions key features '12 challenging missions' 'more than 1400 voice overs' 'voice actors with an american german and russian accents' 'and more than 170 pages of detailed documentation' 'find mission-relevant information integrated into the kneeboard files' english english"
29,Bf 109 K-4 Jagdflieger Campaign by Reflected Simulations,"it's march 1944 the beginning of the end the reich has become a fortress without a roof the large formations of allied four motors have become daily visitors come join the german luftwaffe in these dire times jump into one of jg26's messerschmitt bf-109-s and find out what it’s like to attack the ""fat cats"" head on or to take off in a hail of bullets from the attacking mustangs watch the allied forces land on the beaches of normandy and support the retreating wehrmacht let all the details immerse you in this semi-historical campaign and make you feel like a young jagdflieger fighting a lost battle where like 1944 survival is the most you can hope for key features '12 semi-historical missions focusing on jg26 from march to july 1944' 'a detailed background story mission contexts and checklists' 'detailed briefings and briefing images including separate pdf mission files' 'unique kneeboard graphics for each mission' 'over 250 specially recorded voice-over messages and radio broadcasts' 'historically accurate custom skins' 'a wide array of missions including free hunt intercept bomber escort and ground attack' english english"
30,F/A-18C Aggressors BFM Campaign by Maple Flag Missions,"the f/a-18c aggressors bfm campaign puts you in the cockpit of an fa-18c hornet as a new aggressor pilot with vfc-12 the ""fighting omars"" on loan to the 65th aggressor squadron at nellis air force base based on real world procedures you will fly as red air against blue air forces upon arrival you will fly a familiarization flight around the nevada test and training range (nttr) then you will face a series of challenging basic fighter maneuver (bfm) missions against similar and dis-similar aircraft 'your opponents include the f-4e f-5e f-14a f-15c f-15e f-16c f/a-18c m-2000c mig-29g cf-188 mig-21 and su-27' 'additionally there are 12 single player practice missions with in-air starts so you can perfect your bfm tactics techniques and procedures' 'there are over 1000 voice-overs and over 45 pages of briefing material including the red flag spins red forces in flight guide maps diagrams custom knee-boards and mission data cards' english english"
31,The Enemy Within 3.0 Campaign by Baltic Dragon,"the enemy within 30 is a complete remake of the critically-acclaimed the enemy within campaign for the a-10c warthog this story-driven campaign puts you in cockpit of the warthog as part of a small 6-ship us detachment sent to georgia your mission is to help contain a growing threat from a terrorist organization calling itself the ""caucasus liberation army"" (cla) as the story unfolds you will be faced with a variety of challenges including close air support precision strikes combat search and rescue anti-ship strikes and even air to air combat striving to be as realistic as possible the units featured in the campaign are based on their real-life counterparts it also uses a sophisticated radio control system meaning that you must tune your on-board radios to the correct frequency to hear the more than 2000 custom voiceovers available throughout 21 missions compared to the original campaign version 30 offers following great additions and changes '20 out of 21 missions have been rewritten from scratch this includes the course of action dialogues briefings and background information' 'more than 2/3 of the missions take place in different locations than the original ones and most feature different challenges and enemies to provide a completely new experience 3 entirely new missions that are designed to complement and extend the storyline' 'the 8 pilot and 3 commander characters featured throughout the campaign have almost 4x more custom voiceovers over 2100' 'additional documents and custom kneeboard pages are available for each sortie' english english"
32,P-51D: The Blue Nosed Bastards of Bodney Campaign by Reflected Simulations,become a member of the most famous fighter unit of the usaaf take part in escorting large bomber formations support the ground troops after d-day or engage the luftwaffe over the snowy hills of the ardennes the blue nosed bastards of bodney is a semi-historical campaign for the p-51d mustang it follows the 352nd fighter group from may 1944 through the normandy landings until operation bodenplatte in january 1945 this campaign has a plethora of details and easter eggs to make you feel like a young american flyboy in the army air forces in 1944 key features for more information and support please visit to dedicated section of reflected simulations on the dcs forum '14 semi-historical missions focusing on the 352nd fighter group' 'a detailed background story mission contexts checklists and encounter reports' 'detailed briefings and briefing images including separate pdf mission files' 'unique kneeboard graphics and checklists for each mission' 'hundreds of specially recorded voice-over messages and radio broadcasts' 'historically accurate custom skins' 'a wide array of missions including fighter sweep bomber escort armed reconnaissance and ground attack' english english
33,Combined Arms: Frontlines Georgia Campaign,the combined arms frontlines georgia campaign is the first all combined arms single player campaign in this campaign you will experience many different aspects of combined arms combat in dcs world from commanding a large number of units over a number of different objectives to sitting in a tank and commanding a platoon of tanks from the driver's seat key features with ca frontlines we hope you will learn and enjoy playing dcs combined arms in ways you might not have ever thought about before '11 story driven missions with supplemental missions if you have a stumble along the way' 'command various ground units from armor to transport' 'freedom to set up your air units load-outs before the mission starts' '35+ unique voice overs' english english
34,Spitfire IX The Big Show Campaign by Reflected Simulations,put on pierre clostermann’s irvin jacket climb into his spitfire mkix and experience the massive air battles in the skies of western europe described in his similarly titled book this campaign follows clostermann’s career from april 1943 to july 1944 through 12 missions that recreate his memoirs down to the smallest details such as time weather squadrons and even radio transmissions find out what it feels like to fly with the biggin hill wing in a huge formation of spitfires to follow commandant mouchotte into gigantic melees against 30+ focke-wulfs to take part in rodeos circuses and attacks on v-1 launch sites or to support the ground troops after the d-day landings all clear? switches on! key features '12 historical missions following pierre clostermann during his time with 341 and 602 squadron' 'detailed briefings maps and briefing images including separate pdf mission files with historical backgrounds' 'unique kneeboard graphics and checklists for each mission' 'historically accurate custom skins' 'hundreds of specially recorded voice-over messages' 'a wide array of missions including fighter sweep bomber escort armed reconnaissance and ground attack' english english
35,Mi-8MTV2 and Ka-50: Memory of a Hero Campaign by Stone Sky,the memory of the hero campaign follows the story of helicopter pilot sergey pavlovich borisov being an honored sniper and research helicopter pilot and a hero of the soviet union and russia this campaign explores his experiences in the mi-8mtv2 and the ka-50 black shark the campaign is full of danger and exciting moments as you relive some of his more harrowing experiences! the campaign consists of more than 16 missions that include the action is told through a griping story narrative with an original soundtrack by the last haven 'work for a large siberian transport airline' 'transport workers and repair crews to oil deposits' 'take part in the abkhaz-georgian war of 1993 while flying the then-secret ka-50 attack helicopter' 'participate in intelligence gathering activities over georgian territory prior to the conflict in south ossetia do so in concert with the help of special fss equipment and direct support from the foreign intelligence service fis' 'perform ka-50 counter-terror operations in the southern caucasus region and along the georgian boarder' 'take part in rescue operations over the black sea in an mi-8mtv2' english russian english russian
36,M-2000C Red Flag Campaign by Baltic Dragon,"the m-2000c red flag campaign is a story-driven campaign that takes place during an extraordinary red flag exercise at the nevada test and training range (nttr) the campaign backstory revolves around growing hostilities between iran and its neighbors and a partially successful coup that takes place in the united arab emirates effectively splitting the country in two you will take on the role of a deputy commander of a 10-ship strong detachment of m-2000c interceptors from the 02005 fighter squadron ""île-de-france"" in preparation for war in the persian gulf your detachment and those from the united states germany the united kingdom poland and the netherlands will spend two weeks at the nttr to hone your skills all of the missions are based on extensive research of actual red flag exercises and will each include interesting facts and stories from previous runnings of the exercise features for more information and support please visit baltic dragon forums '16 story-driven missions' 'over 3000 voiceovers performed by more than 40 voice actors' 'returning characters from the m-2000c caucasus campaign' 'highly detailed mission briefings maps and other documents that includes air tasking orders and data sheets based on actual counterparts use by the us and french air forces' 'many of interesting background facts and stories from past red flag exercises' english english"
37,L-39 Albatros: Kursant Campaign,"the l-39 albatros kursant campaign is a single-player campaign for the l-39c/za aircraft you will learning basic and advanced points all flights are performed under the supervision of a virtual-instructor after each flight he will decide whether or not you progress to the next mission based on your performance at the conclusion to the training missions an evaluation flight will be performed to determine how well you have learned the skills of l-39 navigation and combat employment main features of this campaign 'low altitude navigation training' 'learning aerial reconnaissance using real-life tactics' 'detailed instruction on bomb rocket and gun weapon delivery against ground targets following realistic ingress maneuvers' 'interception of aerial targets with r-60 air-to-air missiles' '11 highly-detailed and realistic missions that are based on actual l-39 training requirements' 'missions start and end on the parking ramp which creates an immersive atmosphere of being a ""kursant"" cadet at the flight school' 'detailed briefings flight plans and virtual instructor pilot help you successfully complete this training course' english russian english russian"
38,F-15C Aggressors BFM Campaign by Maple Flag Missions,the f-15c aggressors bfm campaign puts you in the cockpit of an f-15c eagle as a new aggressor pilot with the 65th aggressor squadron at nellis air force base based on real world procedures you will fly as red air against blue air forces upon arrival you will fly a familiarization flight around the nevada test and training range (nttr) then you will face a series of challenging basic fighter maneuver (bfm) missions against similar and dis-similar aircraft your opponents include the f-4e f-14a f-15c f-15e f-16c f/a-18c m-2000c mig-29g cf-188 and mig-21 additionally there are 10 single player practice missions with in-air starts so you can perfect your bfm tactics techniques and procedures there are over 1000 voiceovers and over 45 pages of briefing material including the f-15c amplified checklist red flag spins red forces in flight guide maps diagrams custom kneeboards and mission data cards english english
39,P-51D Charnwood Campaign by B&W Campaigns,created by the same team behind the spitfire lf mkix epsom campaign the charnwood campaign is a historically-based campaign for the p-51d mustang over normandy in july 1944 the charnwood campaign reproduces p-51d missions flown in support of the allied breakout of normandy and the eventual capture of caen given the mustang’s combination of air-to-air and air-to-ground capabilities (bombs and rockets) this campaign offers a wealth of mission types and challenges each mission is based on a real missions down to the weather mission times squadrons mission tasks and allied and axis locations key features '12 historic missions taken from detailed accounts of operation charnwood' 'detailed briefing and briefing images including separate pdf mission files' 'unique kneeboard graphics for each mission' 'hundreds of specially recorded voice-over messages to recreate the actual callsigns and accents' 'a wide array of missions included armed reconnaissance rail interdiction and ground attack' 'takes advantage of new ai features like flak avoidance authentic formations and improve artificial intelligence for air and ground units' english english russian
40,F-15C The Georgian War Сampaign by Baltic Dragon,this campaign puts you in the role of a pilot who arrives in tbilisi as part of a small detachment intended to present the capabilities of the f-15c to the georgian government which has expressed interest in purchasing several airframes you and your colleagues are caught by surprise when armed conflict breaks out as the fighting escalates your small group is drawn into the war throughout the campaign's 16 missions the authors recreate some of the real-life events that happened between the 8th and 13th of august 2008 the fictionalized events presented in this campaign are based on extensive research from numerous western and russian publications interviews with people who were directly involved on both sides and several visits to the abl (administrative boundary line) with south ossetia the campaign aims to capture the pivotal moments of the 2008 war from a military perspective key features '16 story - driven missions with some factual events from the 2008 russo - georgian war in the background' 'historically - accurate descriptions of the situation on the ground and on the front line for the specific date and time when the mission takes place' 'extensive briefings based on real life fragos fragmentary orders as well as tactical maps' 'over 1500 custom voice-overs and thousands of triggers' english english
41,Spitfire LF Mk. IX Operation Epsom Campaign by B&W Campaigns,"fly the legendary spitfire lf mk ix over normandy in june 1944 as the allies attempt to break out of the d-day landing beachheads battle german forces in the air and on the ground as the allies push south over 12 missions south of the juno and gold landing beaches the missions consist of a combination of armed reconnaissance intercepts and directed ground attacks for this campaign we teamed up with the greatly respected ""bunyap"" who has created an amazing level of detail and content for the briefings and historical background all missions and flights in the campaign are based on actual missions down to the squadrons targets locations times weather flak locations etc we believe this will be the most historically accurate portrayal of world war ii air combat in a pc flight simulation key features '12 historic missions taken from detailed accounts of operation epsom' 'detailed briefing and briefing images including separate pdf mission files' 'unique kneeboard graphics for each mission' 'hundreds of specially recorded voice-over messages to recreate the actual callsigns and accents' 'a wide array of missions included armed reconnaissance intercepts and ground attack' 'takes advantage of new ai features like flak avoidance and authentic formations' english english russian"
42,A-10C Tactical Training Qualification Campaign by Maple Flag Missions,based on real world qualification requirements you will fly 15 performance check rides to execute against pre-defined performance objectives if successful you will rate a qualified rating and proceed to the next performance objective the campaign covers a number of key areas including fac & jtac coordination stationary and moving target tasking danger close tasking sead tasking deep interdiction tasking day & night and deep interdiction special forces coordination in addition you will work with additional cas assets and cover sadl datalink engagement cas mission management day & night battlefield air interdiction mission management day & night and combat search and rescue (csar) mission management day & night culminating in a final simulated combat mission using everything you have learned in the previous missions additionally 15 single player practice missions are provided so you can perfect your tactics techniques and procedures there are over 1300 voiceovers and over 470 pages of briefing material including the a-10c amplified checklist blue force in flight guide operation agile spirit spins maps target diagrams mission data cards and custom kneeboards english english
43,Mi-8MTV2 Oilfield Campaign by Dmitry Koshelev,"meet a group of old friends captain jury maksimovich protasov and his mi-8mtv2 crew after the events of the ""spring tension"" conflict they are again in business together however this time they are gainfully employed as cargo transportation contractors serving the interests of the oil industry rather than combat this campaign will test your knowledge of the mi-8mtv2 navigation suite in order to locate oil derricks scattered over the forests challenge yourself as a cargo pilot and never have to worry about being shot at again! crew moto ""not a day without drama!"" (с) crew chief andrey main features 'based on a real-life helicopter pilot missions' '16 full-scale missions' 'various cargos and mission task situations' 'landing in a different locations and weather conditions' 'over 350 scripted radio messages' 'voice overs for helicopter startup procedures' 'briefing with flight chart maps' 'flight charts are included pilot’s kneeboard' 'english and russian localization - voice overs and subtitles' english english"
44,UH-1H Argo Campaign by 373vFS Greg,"you and argo's crew have just sailed towards the black sea for the needs of nato ""sea breeze"" exercise nato is very cautious and takes extra protection measures since it is believed that small isil terrorist groups have infiltrated georgia by exploiting the refugee waves coming from turkey your huey’s performance in the exercise will define its future in the hellenic navy as military analysists doubt its competence in a modern naval environment the eyes of the whole fleet are on you and your chopper are you up for the task? ""argo"" campaign features '15 story-driven realistic missions' '+300 custom voiceovers' '+100 pages of detailed briefings maps & storyline' english english"
45,F-5E Aggressors Air Combat Maneuver Campaign by Maple Flag Missions,the f-5e aggressors acm campaign puts you in the cockpit of an f-5e tiger ii as a new aggressor pilot with the 65th aggressor squadron at nellis air force base based on real world procedures you will fly as red air against blue air forces you will face a series of challenging air combat maneuver (acm) missions against dis-similar aircraft your opponents include the f-4e f-5e f-14a f-15c f-15e f-16c f/a-18c m-2000c mig-29g cf-188 mig-21 and unknown additionally there are 11 single player practice missions with in-air starts so you can perfect your acm tactics and techniques 'there are over 1800 voiceovers and 49 pages of briefing material including the red flag spins red forces in flight guide' 'maps diagrams custom kneeboards and mission data cards' english english
46,A-10C Stone Shield Campaign,prepare yourself to face with the following tasks the a-10c stone shield campaign offers you a variety of challenging missions in which you must not only act as a tank killer but also operate as a sniper making one shot and one kill engagements 'providing precision airstrikes against enemy targets' 'supporting special ops teams in tracking down and capturing dangerous militants' 'providing on-call close air support for friendly forces and much more' english english
47,The Border Campaign by Armen Murazyan,"features of the border campaign '15 adventurous single player missions' ""206 voiced radio dialogues in the campaign's missions"" 'detailed mission briefings with flight plan pictures' 'russian localization includes voiceovers and subtitles' 'english localization includes subtitles' english english"
48,F-5E Aggressors Basic Fighter Maneuvers Campaign by Maple Flag Missions,the f-5e aggressors bfm campaign puts you in the cockpit of an f-5e tiger ii as a new aggressor pilot with the 65th aggressor squadron at nellis air force base based on real world procedures you will fly as red air against blue air forces upon arrival you will fly a familiarization flight around the nevada test and training range (nttr) then you will face a series of challenging basic fighter maneuver (bfm) missions against similar and dis-similar aircraft your opponents include the f-4e f-5e f-14a f-15c f-16c f/a-18c m-2000c mig-29g cf-188 and mig-21 'there are over 1000 voiceovers and over 45 pages of briefing material including the red flag spins red forces in flight guide' 'maps diagrams custom kneeboards and mission data cards' english english
49,A-10C Advanced Aircraft Training Qualification Campaign by Maple Flag Missions,based on real world qualification requirements you will fly 10 performance check rides to execute against pre-defined performance objectives if successful you will rate a qualified rating and proceed to the next performance objective 'the campaign covers a number of key areas including air to air refueling day and night countermeasures and threat avoidance target area ingress preparation illumination flare employment air to air gun and missile employment air to ground gun & rocket employment unguided and guided bomb employment and missile employment' 'there are over 1200 voiceovers and over 206 pages of briefing material including the a-10c amplified checklist maps target diagrams and mission data cards' 'additionally 10 practice missions are included so you can perfect your tactics techniques and procedures ttps prior to taking the qualification check rides' english english
50,A-10C Operation Piercing Fury Campaign by Ranger79,"operation piercing fury (opf) is a story driven campaign consisting of you leading a forwarded deployed a-10c warthog ""hawg"" flight in the georgian area of operations (ao) you will be assigned to and commanded by the joint special operations command providing direct support to conventional and non-conventional coalition forces in the region against al-doran and special purpose islamic army extremist groups your skills will be tested as you execute on-call close air support (cas) combat search and rescue assist in capture-or-kill missions and provide cas for air-assault raids by special forces teams throughout the region the campaign puts you directly into the action with many missions based off real-world scenarios operations and tactics opf enables you to experience the unique perspective of being in a combat zone based on realistic communications force protection forward operation bases combat outposts and insight from the campaign creator ranger79; a united states air force combat veteran of operation joint forge operation southern watch operation enduring freedom and operation iraqi freedom feel the adrenaline rush providing close air support in the ao! features of ""operation piercing fury"" '15 action-packed story driven missions' 'over 700+ custom voiceovers' '200+ pages of detailed operations orders / supporting documentation' english english"
51,The Museum Relic Campaign by Apache600,"features of ""the museum relic"" 'choose to fly the campaign as either the mig-15 or the f-86' '22 story driven missions which will push your abilities in high/low altitude and airspeed flight envelopes aerial gunnery ground attacks and navigation' 'each campaign has its own unique mission briefings flt plan pages and voice overs that coincide with the selected aircraft' 'over 160 pages of mission briefings and flt plan pages' 'also more than 400 custom voice overs by 17 different voice actors' 'custom made livery for both the mig-15 and the f-86' english english"
52,P-51D High Stakes Campaign by Dmitry Koshelev,in order to fully complete each mission and proceed to the next vasily will need to land his mustang at the assigned point at the conclusion of each mission additionally due to the plot of the story vasily will need to take care of his mustang and minimize damage to proceed through the story all of vasily's missions include detailed briefings and mission map graphics each mission also includes kneeboard briefing and map pages are you ready to join vasily on this epic journey? english english
53,A-10C Basic Flight Training Campaign by Maple Flag Missions,based on real world qualification requirements you will fly 12 performance check rides to execute against pre-defined performance objectives if successful you will rate a qualified rating and proceed to the next performance objective you will be rated on the following areas and these results will form your final rating the campaign covers a number of key areas including start-up and shutdown takeoffs and landings traffic patterns basic advanced and aerobatic maneuvers emergencies formation flying and instrument flight plan navigation there are over 2300 voiceovers and over 170 pages of briefing material including the a-10c amplified checklist maps diagrams and mission data cards 'general knowledge airmanship and safety' 'pre-takeoff and takeoff' 'navigation and maneuvers' 'approach landing and after landing' 'communications and task prioritization' english english
54,A-10C 16-2 Red Flag Campaign,"the a-10c 16-2 red flag campaign is a depiction of flying the a-10c ""warthog"" during a typical red flag exercise in the skies over nevada this campaign includes extensive briefing map and lineup card pdf files for each mission and was designed in consultation with the renowned author steve davies all of the missions are based on input from pilots that have flown in red flag exercises and will provide you a challenge that will test even the most skilled virtual pilots features for those that pre-purchased the nevada map and elected to receive this map for free you will now be able to activate this campaign from the dcs world 20 module manager '10 handcrafted mission that depict number of types of missions a a-10c pilot would fly in a red flag' 'highly detailed mission briefings mission maps and lineup cards as pdf files' 'custom voice overs and hundreds of triggers' 'created in partnership with the author steve davies and f-15c pilots that have flown red flags' english english"
55,F-15C 16-2 Red Flag Campaign,the f-15c 16-2 red flag campaign is a depiction of flying the f-15c eagle during a typical red flag exercise in the skies over nevada this campaign includes extensive briefing map and lineup card pdf files for each mission and was designed in consultation with the renowned author steve davies the authority on the f-15c all of the missions are based on input from real f-15c pilots that have flown in red flag exercises and will provide you a challenge that will test even the most skilled virtual pilots features for those that pre-purchased the nevada map and elected to receive this map for free you will now be able to activate this campaign from the dcs world 20 module manager '10 handcrafted mission that depict number of types of missions a f-15c pilot would fly in a red flag' 'highly detailed mission briefings mission maps and lineup cards as pdf files' 'custom voice overs and hundreds of triggers' 'created in partnership with the author steve davies and f-15c pilots that have flown red flags' english english
57,Black Shark 2 Republic Campaign,"features of the black shark 2 republic campaign requirements minimum system requirements (low graphics settings) os 64-bit windows 7/8/10; directx11; cpu intel core i3 at 28 ghz or amd fx; ram 8 gb (16 gb for heavy missions); free hard disk space 60 gb; discrete video card nvidia geforce gtx 760 / amd r9 280x or better; requires internet activation recommended system requirements (high graphics settings) os 64-bit windows 8/10; directx11; cpu core i5+ at 3+ ghz or amd fx / ryzen; ram 16 gb (32 gb for heavy missions); free hard disk space 120 gb on solid state drive (ssd); discrete video card nvidia geforce gtx 1070 / amd radeon rx vega 56 with 8gb vram or better; joystick; requires internet activation recommended vr systems requirements (vr graphics settings) os 64-bit windows 8/10; directx11; cpu core i5+ at 3+ ghz or amd fx / ryzen; ram 16 gb (32 gb for heavy missions); free hard disk space 120 gb on solid state drive (ssd); discrete video card nvidia geforce gtx 1080 / amd radeon rx vega 64 or better; joystick; requires internet activation this product can be downloaded and installed through the dcs world module manager if you do not have dcs world installed you can download the dcs world web-installer by clicking this link if the product description does not have information about which dcs world version you should install you only need to have the ""stable"" version dcs world installed on your pc requires dcs world version 2715 or above! raven one dominant fury campaign for the f/a-18c hornet is a prequel for the highly acclaimed raven one campaign based on the bestselling novel of the same title developed by baltic dragon all the missions were constructed with the active participation of author of the book kevin miller and vincent ""jell-o"" aiello host of the fighter pilot podcast - both retired us navy hornet pilots each with over 3000 career flight hours and numerous overseas deployments the campaign takes place 3 years before the events described in the novel during a deployment to the eastern mediterranean and offers a variety of different missions from training (faithfully recreating real life sorties flown from the deck of the aircraft carriers) through armed patrols and alert launches to power-projection striked '20 handmade missions with voice-overs' 'hundreds of complex triggers that create an interactive combat environment' 'fully detailed mission briefings and mission maps' 'storyline briefings' english english"
58,Su-27 The Ultimate Argument Campaign,"features of the campaign ""su-27 - the ultimate argument"" '20 storyline missions for a single player' 'more than 300 triggers which allow to create interactive environment' '126 voice-overs in the campaign missions' 'briefing’s art with maps' 'russian and english localizations voice-overs are recorded in russian in the english localization the voices are provided with english subtitles' english english"
